Nombre,Apellido
Roberto,Hernández
Laura,Sánchez
Pedro,Ramírez
Carmen,Torres
Miguel,Flores
Ana,Morales
Carlos,Vargas
Sofia,Castro
Diego,Mendoza
Lucia,Jiménez
Fernando,Rodriguez
Patricia,González
Alejandro,López
Isabella,Martín
Sebastián,Ruiz
Valentina,Silva
Andrés,Moreno
Camila,Herrera
Mateo,Vargas
Luciana,Mendoza
Gabriel,Castro
Victoria,Jiménez
Ricardo,Aguilar
Daniela,Ortiz
Manuel,Paredes
Carolina,Guzmán
Rodrigo,Salazar
Natalia,Flores
Javier,Luna
Paula,Vega
Emilio,Ramos
Sofía,Delgado
Leonardo,Peña
María,Cortés
Antonio,Guerrero
Valeria,Romero
Francisco,Medina
Adriana,Navarro
Nicolás,Reyes
Catalina,Morales
Eduardo,Rojas
Mariana,Fuentes
Tomás,Espinoza
Constanza,Figueroa
Ignacio,Campos
Fernanda,Soto
Maximiliano,Vera
Antonia,Cáceres
Benjamín,Carrasco
Javiera,Tapia
Vicente,Bravo
Francisca,Muñoz
Cristóbal,Araya
Martina,Pizarro